Index_i, Index_j, AccuracyRate
0, 1, 0.6 
0, 2, 0.6 
0, 3, 0.5 
0, 4, 0.5 
1, 2, 0.346154 
1, 3, 0.153846 
1, 4, 0.153846 
2, 3, 0.125 
2, 4, 0.125 
3, 4, 0.181818 
